"PESTCON-Treatment, P1, Egg Room"
"PESTCON-Treatment, P1, Ingredients"
"PESTCON-Treatment, P1, Flour Sieving Area"
"PESTCON-Treatment, P1, Hallway between Ingredients & Chiller Packaging"
"PESTCON-Treatment, P1, Dough Mixing"
"PESTCON-Treatment, P1, Molding 1"
"PESTCON-Treatment, P1, Molding 2 - First Floor"
"PESTCON-Treatment, P1, Molding 2 - Second Floor"
"PESTCON-Treatment, P1, Oven Area"
"PESTCON-Treatment, P1, Spray Booths"
"PESTCON-Treatment, P1, Coating"
"PESTCON-Treatment, P1, Air shower (Coating Area)"
"PESTCON-Treatment, P1, UV"
"PESTCON-Treatment, P1, Boxing Room 1 - Storage"
"PESTCON-Treatment, P1, Outer Packaging"
"PESTCON-Treatment, P1, Outer Packaging Hallway"
"PESTCON-Treatment, P1, Cone Machine (old)"
"PESTCON-Treatment, P1, Cone Machine (new)"
"PESTCON-Treatment, P1, Changing Room PR1"
"PESTCON-Treatment, P1, Utensils"
"PESTCON-Treatment, P2, Bread Production Line"
"PESTCON-Treatment, P2, Egg Spray"
"PESTCON-Treatment, P2, Oven area"
"PESTCON-Treatment, P2, Proofer"
"PESTCON-Treatment, P2, Holding Area"
"PESTCON-Treatment, P2, Blast freezer 1"
"PESTCON-Treatment, P2, Blast freezer 2"
"PESTCON-Treatment, P2, Inner Packaging"
"PESTCON-Treatment, P2, Outer Packaging"
"PESTCON-Treatment, P2, hallways"
"PESTCON-Treatment, P2, Ingredients Room"
"PESTCON-Treatment, P2, Dough Mixing"
"PESTCON-Treatment, P2, Ice machines Area"
"PESTCON-Treatment, P2, Changing Room"
"PESTCON-Treatment, P2, Utensils"
"PESTCON-Treatment, P3, Kitchen"
"PESTCON-Treatment, P3, Pasteurizer"
"PESTCON-Treatment, P3, Cheesecake"
"PESTCON-Treatment, P3, Assembly 1"
"PESTCON-Treatment, P3, Assembly 1 Extension"
"PESTCON-Treatment, P3, Hallway"
"PESTCON-Treatment, P3, Chiller Packaging"
"PESTCON-Treatment, P4, Cargo Lifter"
"PESTCON-Treatment, P4, Cargo Lifter Anteroom"
"PESTCON-Treatment, P4, Cargo Lifter Hallway"
"PESTCON-Treatment, P4, Boxing Area"
"PESTCON-Treatment, P4, Packing area"
"PESTCON-Treatment, P4, Chocolate Production Line (Main Room)"
"PESTCON-Treatment, P4, Changing Room"
"PESTCON-Treatment, P4, Ganache"
"PESTCON-Treatment, P4, Utensils Area"
"PESTCON-Treatment, P4, Chocolate Production Line (Big Room)"
"PESTCON-Treatment, P4, Hallway 1"
"PESTCON-Treatment, P4, Hallway 2"
"PESTCON-Treatment, P4, TV Room"
"PESTCON-Treatment, GF, Gluten Free (Big Area)"
"PESTCON-Treatment, GF, GF molding Area (Room 2)"
"PESTCON-Treatment, GF, GF Utensils"
"PESTCON-Treatment, GF, GF Baking/Oven Area"
"PESTCON-Treatment, GF, Hallway to Changing Room GF"
"PESTCON-Treatment, GF, Gelato (Room 1)"
"PESTCON-Treatment, Archive"
"PESTCON-Treatment, Laboratory"
"PESTCON-Treatment, Foundation"
"PESTCON-Treatment, Passion"
"PESTCON-Treatment, RM Warehouse"
"PESTCON-Treatment, PM Warehouse"
"PESTCON-Treatment, Back Hallway"
"PESTCON-Treatment, FG Warehouse Loading Bay"
"PESTCON-Treatment, Receiving Office"
"PESTCON-Treatment, Receiving/Unloading Bay"
"PESTCON-Treatment, Canteen"
"PESTCON-Treatment, Canteen Kitchen"
"PESTCON-Treatment, First Class Lounge"
"PESTCON-Treatment, Document Room"
"PESTCON-Treatment, Clinic"
"PESTCON-Treatment, Laundry"
"PESTCON-Treatment, Male Locker"
"PESTCON-Treatment, Female Locker"
"PESTCON-Treatment, Male CR/Changing Room"
"PESTCON-Treatment, Female CR/Changing Room"
"PESTCON-Treatment, GO - Execs Office"
"PESTCON-Treatment, GO - HR Lobby"
"PESTCON-Treatment, GO Lobby"
"PESTCON-Treatment, GO Meeting Room"
"PESTCON-Treatment, GO Male CR"
"PESTCON-Treatment, GO Female CR"
"PESTCON-Treatment, GO Pantry"
"PESTCON-Treatment, GO Labels Office"
"PESTCON-Treatment, GO Finance"
"PESTCON-Treatment, GO Proper (Employees Area)"
"PESTCON-Treatment, GO VIP Entrance"
